feature,coefficient
fp_pronoun_rate,4.1087181883788295
vader_neu,-2.648387280875486
vader_pos,-1.6094396927689543
punct_density,-1.4027940661226577
avg_word_length,0.8574840838347069
vader_neg,0.6339727958854572
textblob_subjectivity,-0.6186071495128204
fp_pronoun_count,0.5282508699885213
textblob_polarity,-0.4420848438955384
vader_compound,-0.3177089580656601
emoji_count,0.03380271106337809
word_count,0.032031028032147586
char_count,-0.006009346744180073
