split,accuracy,f1,precision,recall,roc_auc
train,0.8966108923559108,0.892999384110039,0.9345163923860267,0.8550143491763966,0.9465821169849409
validation,0.8981570381472028,0.8919422565657068,0.9286046872574888,0.8580648245530166,0.949879446642181
test,0.8998241294407316,0.8934078546833675,0.9301709357302437,0.8594402573088186,0.9499585035397989
